Residue,Total
S240_A,0.333535544
E241_A,-6.618170016
L242_A,-0.270340968
S244_A,-0.449934912
S247_A,-0.673528368
D248_A,-0.625194024
E250_A,-3.12490124
E251_A,-4.706599248
Q253_A,-0.326737816
H254_A,-3.814585152
E257_A,-1.544246432
R286_A,1.214988064
R172_B,3.992121976
S175_B,-0.936915264
N176_B,-0.221569336
K177_B,1.223667576
N178_B,0.37731032
H192_B,-0.536827808
K225_B,0.791605248
E228_B,-2.28883696
E481_B,-0.400383488
C482_B,0.643685192
D484_B,-0.803959848
R520_B,1.101201144
